{
    "train_loss": [
        0.7779261364884998,
        0.6856010811484379,
        0.6505822002239849,
        0.6178000833677209,
        0.602529035055119,
        0.5802106721245724,
        0.5598090866337652,
        0.5453860470782156,
        0.5314277477238489,
        0.5218384451840234,
        0.5071879171806833,
        0.4936793053927629,
        0.4826084372789963,
        0.4766762580560601,
        0.46381592705197955,
        0.4493069151173467,
        0.4519417938330899,
        0.4357346287888029,
        0.42428886278168015,
        0.4233633175492287,
        0.4061316146150879,
        0.401661790518657,
        0.3916977661783281,
        0.38737062160735547,
        0.3778788385183915,
        0.370353790016278,
        0.3695900579833466,
        0.3634981309266194,
        0.3562266863234665,
        0.3539304751416911,
        0.34467915047122083,
        0.3432453358626884,
        0.33507565512605336,
        0.33474928746404853,
        0.33630674578573394,
        0.32496074324716695,
        0.3300317053237687,
        0.32357787570875624,
        0.3300249077055765,
        0.3143965350868909,
        0.31398627728871675,
        0.31293222865332726,
        0.30415526336949805,
        0.3049889426192512,
        0.3049438665094583,
        0.29640456846226815,
        0.29664539688307306,
        0.2989884961882363,
        0.2959473499137422,
        0.2957728956380616
    ],
    "val_loss": [
        0.6867819945449415,
        0.6262530315181484,
        0.5347050113522488,
        0.5274362727675749,
        0.48431374816142997,
        0.49221082595379456,
        0.4463040773635325,
        0.44208869454653366,
        0.4309496448415777,
        0.438916984686385,
        0.4541210183954757,
        0.3996766599300115,
        0.42087426059271976,
        0.3716226748150328,
        0.36409506217940996,
        0.3971446628155916,
        0.33729648748817653,
        0.331770043399023,
        0.3111312527371489,
        0.3252252418061961,
        0.35403585408044896,
        0.29694266008294146,
        0.2981451035841652,
        0.30778896818342416,
        0.2734810447887234,
        0.29034750186230823,
        0.26060937766147696,
        0.25663664786388046,
        0.2624058757625196,
        0.3708135745771553,
        0.26193720455402913,
        0.25813500967038716,
        0.2472108185939167,
        0.26944444488895974,
        0.2463873939021774,
        0.228010476688328,
        0.24068943730191045,
        0.2211811211284088,
        0.23355847964792148,
        0.23417712419253328,
        0.23558966198369213,
        0.20925401423288428,
        0.21888837250678436,
        0.21300049139105756,
        0.24673472040373345,
        0.20998101469291294,
        0.21121521214752093,
        0.2032017515891272,
        0.21138548635594223,
        0.19512663397776045
    ],
    "train_mean_iou": [
        0.369847320916485,
        0.40621120965041024,
        0.4227423672585538,
        0.42674464232700304,
        0.4399851624958672,
        0.46657654876703986,
        0.4898214113774756,
        0.5111893733705517,
        0.5299639262903864,
        0.5377886565635401,
        0.5532032653963942,
        0.564938449797767,
        0.5766207672754587,
        0.5861893024802663,
        0.5985552549366476,
        0.6088061568480174,
        0.605578700393153,
        0.6184330345861782,
        0.6309794247728934,
        0.63562357658692,
        0.6462415122124078,
        0.6454615624159423,
        0.6564079594950608,
        0.6608204657487521,
        0.6681680427735429,
        0.6740022542604901,
        0.6744630939922794,
        0.6798199241619421,
        0.6851382733889076,
        0.6858536716794962,
        0.6956294730222803,
        0.6964217929944229,
        0.7017173657971092,
        0.7025797429496116,
        0.7032157260925236,
        0.7099260630520877,
        0.7097636157598705,
        0.7080143521751658,
        0.7098702568779898,
        0.7203717525567606,
        0.7184406134163424,
        0.7239711257176479,
        0.7292018745887708,
        0.7289409123376444,
        0.7322360013466274,
        0.7355059722984238,
        0.7332837613618762,
        0.7356182467421851,
        0.7378011781130771,
        0.7358212562917105
    ],
    "val_mean_iou": [
        0.6258488486487315,
        0.6473392178243865,
        0.6661531099040987,
        0.45960936997388147,
        0.6320636693545824,
        0.48806685005228156,
        0.5616187635400788,
        0.5424627059257874,
        0.5254674303915672,
        0.5566222915820334,
        0.5629606640958451,
        0.5393870517011641,
        0.5226746217132978,
        0.6232436660511893,
        0.5556819796995712,
        0.5260659088863034,
        0.5732077190783399,
        0.5858740952550111,
        0.6158049631602467,
        0.5779429172606436,
        0.5642628114467335,
        0.5948253168165993,
        0.6319497154791216,
        0.5952359655799875,
        0.6249162124157343,
        0.5896437961945274,
        0.6595346999858706,
        0.6863247441866744,
        0.6443849465551676,
        0.560597097298646,
        0.6188834346506311,
        0.7453524477766623,
        0.6284897657310927,
        0.6034308417337134,
        0.6439124818087112,
        0.662848840313539,
        0.6832360135523874,
        0.6491152012711776,
        0.6473974163093763,
        0.6481306130112942,
        0.6275716365142822,
        0.6755584503864219,
        0.6517490379165224,
        0.6619539968844449,
        0.6839330582844413,
        0.6539310439731755,
        0.7024184028856187,
        0.7052162591789868,
        0.6546424564205184,
        0.7049345219389869
    ]
}