{
    "train_loss": [
        0.797623742663342,
        0.7481292217969895,
        0.7395500137754109,
        0.7373425084611643,
        0.7339069778504579,
        0.7332367338564085,
        0.7315415578043979,
        0.7299002379179,
        0.7301585907521455,
        0.7293810558059941,
        0.72896982535072,
        0.727559077091839,
        0.726676565149556,
        0.7260838083598925,
        0.7258932836677717,
        0.7249471593162288,
        0.7250847790552222,
        0.7270467153061991,
        0.7237730365732442,
        0.7236570762551349,
        0.7241467525129733,
        0.7225717198589574,
        0.7219293996043827,
        0.7218508501415667,
        0.7217884075382481,
        0.7198207654382871,
        0.7198813070421634,
        0.7197726289863172,
        0.7198315201894097,
        0.7184227295543837,
        0.7186519091543944,
        0.7180347217165906,
        0.7183445346096288,
        0.7184143002914346,
        0.7182023229806319,
        0.7170692697815273,
        0.7171642611856046,
        0.7170767351337101,
        0.7166285223287084,
        0.7158076098431712,
        0.7173091813274052,
        0.7159003525972366,
        0.715956714231035,
        0.7159882242264954,
        0.714905806987182,
        0.7147563387518344,
        0.7160791259744893,
        0.7158362277176069,
        0.7159747977619586,
        0.7158192933901496
    ],
    "val_loss": [
        0.7202185523250829,
        0.7135196569821108,
        0.7102657966639685,
        0.707546382429807,
        0.7086792352406875,
        0.7089650063411049,
        0.7065913833353831,
        0.7066977817727171,
        0.7105952207161033,
        0.7061338985095853,
        0.7044244729306387,
        0.7047808219557223,
        0.7053134525599687,
        0.7033579606724822,
        0.7042904273971268,
        0.7032355865706568,
        0.7039052748161814,
        0.7038566365190174,
        0.7042198132561601,
        0.7022750406161599,
        0.7035079810930335,
        0.7022505758897118,
        0.7019178823932357,
        0.7020100323402363,
        0.7021898613027905,
        0.7018889883938043,
        0.7022318229727124,
        0.7031134787461032,
        0.7015519786140193,
        0.7017559740206469,
        0.7021046814063321,
        0.7004285705478295,
        0.7022048534258553,
        0.700969437736532,
        0.7012484616559485,
        0.7003042273547339,
        0.6998726394513379,
        0.7003908467033635,
        0.7005580298926519,
        0.701231677311918,
        0.7002856704203979,
        0.7010333788135777,
        0.7000119163938191,
        0.7009907289691594,
        0.6998492397691892,
        0.7010345319043035,
        0.6995655484173608,
        0.6993604054269583,
        0.7005954105568969,
        0.700103934109211
    ],
    "train_mean_iou": [
        0.3497572950572331,
        0.381000891517465,
        0.3726128299659984,
        0.3734140878078218,
        0.3775021934995446,
        0.37503310463422274,
        0.3735914869089522,
        0.3824115321502243,
        0.372769662361121,
        0.3796733205046315,
        0.3743215083947512,
        0.37432115901917534,
        0.3773337174063185,
        0.3758610139202491,
        0.38061093831031756,
        0.37958676753479537,
        0.37743357287788887,
        0.38028050957440107,
        0.38170684132990834,
        0.37504419793571264,
        0.3768032585117779,
        0.3801138952107534,
        0.3788134552605828,
        0.3759561594102076,
        0.3841912411691404,
        0.37756502505137624,
        0.3818429931972694,
        0.38446098330500367,
        0.3801865526365561,
        0.38290807760593626,
        0.3772620914515564,
        0.3756851571794034,
        0.3803147087174348,
        0.378399449025468,
        0.3835286104045969,
        0.37897238492600654,
        0.38578783610595985,
        0.38543334647310734,
        0.3825977810071039,
        0.3740291012941169,
        0.3824208728986773,
        0.3822525868615036,
        0.3825754887327505,
        0.3846953853379834,
        0.38565915464813294,
        0.383752597462812,
        0.38418114069932585,
        0.3806583724900191,
        0.3817802751317056,
        0.3770660951100027
    ],
    "val_mean_iou": [
        0.5025963213895528,
        0.5061026849337164,
        0.5124898834988796,
        0.5045779024301935,
        0.5028006137326715,
        0.4997870435986553,
        0.5118650090464503,
        0.5063494083930218,
        0.5008352157770586,
        0.5072083105944905,
        0.50041532809414,
        0.5051157036716661,
        0.5119776651765207,
        0.5039341434230532,
        0.5075526389544114,
        0.5089957028016812,
        0.5107802530333528,
        0.514360865842666,
        0.5147996825453844,
        0.5090509955926998,
        0.507848272094081,
        0.5147884625729571,
        0.5124983816182804,
        0.5128975480446721,
        0.5095913995914708,
        0.5139053023580106,
        0.5154307822262298,
        0.502719753727873,
        0.5115247858156198,
        0.5128046902117046,
        0.5103004332906936,
        0.5107143049445515,
        0.5054790971724309,
        0.5139802672392507,
        0.5069219314227499,
        0.5120544697165159,
        0.5091153025785662,
        0.5159216366562103,
        0.5123913154016522,
        0.5170698766818136,
        0.5159424447914575,
        0.5166941536328671,
        0.5141668518032599,
        0.5137419088079405,
        0.5119175756823949,
        0.5146656454710615,
        0.5114082027403138,
        0.5098423552876702,
        0.5155810476013047,
        0.5110490619871492
    ]
}