{
    "train_loss": [
        0.7449628826068795,
        0.6931690540650617,
        0.6713667627262032,
        0.656672177820102,
        0.6416253722880197,
        0.632515303466631,
        0.6226944591688073,
        0.6189481814918311,
        0.6113091165604798,
        0.6078568260306897,
        0.603674822203491,
        0.5954244267033494,
        0.5905055716633797,
        0.5889438533264658,
        0.5835127034912939,
        0.5798518366139868,
        0.5703158291785614,
        0.5668677546407865,
        0.5609944585872733,
        0.5601811210098474,
        0.5518586708799652,
        0.5530615217659784,
        0.5472509972427202,
        0.5473051610200301,
        0.5365192987996599,
        0.5361434201831403,
        0.5362161706323209,
        0.5352296361456746,
        0.528782898252425,
        0.5227215879637263,
        0.526200850955818,
        0.518891369389451,
        0.5209004728690437,
        0.5152189469207888,
        0.5113077632111052,
        0.5161146613566772,
        0.5125742893504059,
        0.5063375284490378,
        0.5053359820790913,
        0.5050614121167556,
        0.5001743886133899,
        0.49912212834410047,
        0.497301117816697,
        0.4961775740851527,
        0.4953988983579304,
        0.4904163539409637,
        0.48462979216938434,
        0.4847577610093614,
        0.4865795211299606,
        0.4863440483160641
    ],
    "val_loss": [
        0.6432864212471506,
        0.6609106652762579,
        0.6027100372573604,
        0.5653550688339316,
        0.5916480660762475,
        0.5453847679754962,
        0.580260283143624,
        0.532078954966172,
        0.5334936219712962,
        0.5214582186030305,
        0.5062865343106829,
        0.48889363194289415,
        0.49839026927948,
        0.4952425977782063,
        0.5227901277010856,
        0.46957609598403394,
        0.4659186584470065,
        0.46774010506013164,
        0.45742750187282977,
        0.46984405303778853,
        0.4627908767565437,
        0.4704828066994315,
        0.44860195067265757,
        0.45861530504796816,
        0.46917631250360736,
        0.4490370719653109,
        0.4516297019046286,
        0.4293528026536755,
        0.4092355328409568,
        0.4295501702829548,
        0.41749279298212216,
        0.41247796992892805,
        0.40501796042789584,
        0.4082218171785707,
        0.3967807674537534,
        0.41196802145113115,
        0.4039474277068739,
        0.410837612722231,
        0.4052962382202563,
        0.4099044098802235,
        0.39456504891100136,
        0.39181906192199045,
        0.4045661863101565,
        0.4457140725591908,
        0.38714270556102626,
        0.39610008966663607,
        0.38676022339774213,
        0.37384673638836197,
        0.4153637057737164,
        0.3950640118640402
    ],
    "train_mean_iou": [
        0.38652503258330784,
        0.4033608122651064,
        0.4128756700590159,
        0.4128565679978224,
        0.41336568285977915,
        0.4186637957368655,
        0.4307032426412938,
        0.43654586724505956,
        0.4446345966523732,
        0.4485956305332403,
        0.4534312716202774,
        0.4581327162429417,
        0.4698562322179816,
        0.47326846579555754,
        0.48155006876852896,
        0.4881532038024478,
        0.4918037814368455,
        0.4983914704577534,
        0.504402062981447,
        0.5079487709334132,
        0.5123918131187049,
        0.5115815861445633,
        0.5194175257238229,
        0.5167659572406696,
        0.5296777113037011,
        0.5256781342139419,
        0.5245518750455385,
        0.5297615023874106,
        0.5342629838611567,
        0.5394138887018972,
        0.534971040545531,
        0.5423815355952232,
        0.5427764150685832,
        0.5441922360837442,
        0.5495963130578765,
        0.5471208662310253,
        0.5494389192284845,
        0.5561517095014722,
        0.5533535569076656,
        0.554264660749789,
        0.5602843204653204,
        0.5612532463030413,
        0.563889278774853,
        0.5656518662991674,
        0.5628355534727445,
        0.566884249525237,
        0.5748719580029201,
        0.5711959588447926,
        0.5721245373942476,
        0.5743766344619037
    ],
    "val_mean_iou": [
        0.638455256096949,
        0.5745148225545831,
        0.6326105043028956,
        0.6628339956696865,
        0.5652344892702202,
        0.45049230728598605,
        0.48962995795600955,
        0.46217127072544334,
        0.46300203789032784,
        0.463449970956794,
        0.45769901724095424,
        0.48792192894298997,
        0.4898978477736892,
        0.4736608217548504,
        0.5185382326034894,
        0.4917660585117497,
        0.5035381086223124,
        0.49953204758488656,
        0.5083101438872984,
        0.49426378775844304,
        0.504593840898071,
        0.5059986132545522,
        0.5036794237264833,
        0.5215037163282599,
        0.5012604934339647,
        0.4975503331174633,
        0.5122930933605024,
        0.5151307442700204,
        0.5187994145523824,
        0.5078525638021669,
        0.5215800496300937,
        0.5320080716493227,
        0.5300013648206094,
        0.523505886712711,
        0.5333358770033627,
        0.5141337816797134,
        0.5364716813744731,
        0.5266717950041598,
        0.5352547572073657,
        0.5320057735123269,
        0.5279945025884605,
        0.5349719296601768,
        0.536283836877938,
        0.50780765250917,
        0.5486862880558899,
        0.5442613655884163,
        0.5455495820467762,
        0.5528475936215953,
        0.5441362846886683,
        0.5465355433775348
    ]
}