{
    "iou_class_0": 0.5438268807271253,
    "dice_class_0": 0.6953877549780452,
    "iou_class_1": 0.8066701152118976,
    "dice_class_1": 0.857640204594835,
    "iou_class_2": 0.5365838937777876,
    "dice_class_2": 0.6348480917833034,
    "mean_iou": 0.629026963238937,
    "mean_dice": 0.7292920171187277,
    "loss": 0.6238570443314054
}