{
    "iou_class_0": 0.5273084969603983,
    "dice_class_0": 0.6783916264711677,
    "iou_class_1": 0.8164215758766817,
    "dice_class_1": 0.8687044813581135,
    "iou_class_2": 0.5434153970606134,
    "dice_class_2": 0.6431411189400694,
    "mean_iou": 0.6290484899658979,
    "mean_dice": 0.7300790755897835,
    "loss": 0.6239849375641864
}