{
    "iou_class_0": 0.5730516904398151,
    "dice_class_0": 0.7229392360086027,
    "iou_class_1": 0.7620815920385456,
    "dice_class_1": 0.8018186637156529,
    "iou_class_2": 0.5229318906796844,
    "dice_class_2": 0.6158874240498107,
    "mean_iou": 0.6193550577193488,
    "mean_dice": 0.7135484412580226,
    "loss": 0.6224627521374951
}