{
    "iou_class_0": 0.5382710945407819,
    "dice_class_0": 0.6904014170372291,
    "iou_class_1": 0.7938591738423987,
    "dice_class_1": 0.8423960755745107,
    "iou_class_2": 0.5561803295875769,
    "dice_class_2": 0.6593340236579286,
    "mean_iou": 0.6294368659902532,
    "mean_dice": 0.7307105054232235,
    "loss": 0.6249519502987032
}