{
    "iou_class_0": 0.5488020391405924,
    "dice_class_0": 0.7001503640380891,
    "iou_class_1": 0.7990576382046287,
    "dice_class_1": 0.848363421914932,
    "iou_class_2": 0.5458916940523363,
    "dice_class_2": 0.6461603035086582,
    "mean_iou": 0.631250457132519,
    "mean_dice": 0.7315580298205605,
    "loss": 0.6185012523894725
}