{
    "iou_class_0": 0.5728473205605279,
    "dice_class_0": 0.7228310911551766,
    "iou_class_1": 0.7921569084925463,
    "dice_class_1": 0.8406699384409559,
    "iou_class_2": 0.5017230214177654,
    "dice_class_2": 0.5903736759101033,
    "mean_iou": 0.6222424168236134,
    "mean_dice": 0.7179582351687456,
    "loss": 0.6199665219239566
}