{
    "iou_class_0": 0.5393359023591746,
    "dice_class_0": 0.6903841975590457,
    "iou_class_1": 0.8102828843357123,
    "dice_class_1": 0.8615964060568291,
    "iou_class_2": 0.5416576968477537,
    "dice_class_2": 0.6405105698756325,
    "mean_iou": 0.6304254945142134,
    "mean_dice": 0.7308303911638356,
    "loss": 0.6191938984005347
}