{
    "iou_class_0": 0.5654370889715526,
    "dice_class_0": 0.7160448267408039,
    "iou_class_1": 0.7712126677376696,
    "dice_class_1": 0.814767011069943,
    "iou_class_2": 0.5436306812104686,
    "dice_class_2": 0.6431775193466762,
    "mean_iou": 0.6267601459732305,
    "mean_dice": 0.7246631190524748,
    "loss": 0.6193025706254918
}