{
    "iou_class_0": 0.540923434374449,
    "dice_class_0": 0.6918861462856116,
    "iou_class_1": 0.800436402747002,
    "dice_class_1": 0.8515732510025891,
    "iou_class_2": 0.5240381608539879,
    "dice_class_2": 0.6194654848869355,
    "mean_iou": 0.6217993326584796,
    "mean_dice": 0.7209749607250457,
    "loss": 0.6381213729148326
}