{
    "iou_class_0": 0.5612236391752958,
    "dice_class_0": 0.7119726486018171,
    "iou_class_1": 0.7822560382966713,
    "dice_class_1": 0.8280469915286076,
    "iou_class_2": 0.5385389504331025,
    "dice_class_2": 0.6363461925994875,
    "mean_iou": 0.6273395426350227,
    "mean_dice": 0.7254552775766372,
    "loss": 0.6191334594850955
}