{
    "iou_class_0": 0.5686508060473463,
    "dice_class_0": 0.7184514295309782,
    "iou_class_1": 0.7825922487948802,
    "dice_class_1": 0.8285075531433983,
    "iou_class_2": 0.5211880115033045,
    "dice_class_2": 0.6140892089508548,
    "mean_iou": 0.6241436887818436,
    "mean_dice": 0.7203493972084103,
    "loss": 0.619433654261672
}