{
    "iou_class_0": 0.5104542980345128,
    "dice_class_0": 0.6630504541180056,
    "iou_class_1": 0.805955812850935,
    "dice_class_1": 0.8575676382935852,
    "iou_class_2": 0.5633003589802775,
    "dice_class_2": 0.6675385444872293,
    "mean_iou": 0.6265701566219084,
    "mean_dice": 0.7293855456329398,
    "loss": 0.634464086851348
}