{
    "iou_class_0": 0.5646643213927746,
    "dice_class_0": 0.7149574616680975,
    "iou_class_1": 0.7980683709211474,
    "dice_class_1": 0.8475976697635055,
    "iou_class_2": 0.5129232513155767,
    "dice_class_2": 0.6039083594258207,
    "mean_iou": 0.6252186478764995,
    "mean_dice": 0.7221544969524747,
    "loss": 0.6181012916824092
}