{
    "iou_class_0": 0.5579206498744695,
    "dice_class_0": 0.708120185719884,
    "iou_class_1": 0.8013087032155296,
    "dice_class_1": 0.8510337160439635,
    "iou_class_2": 0.5178444415351696,
    "dice_class_2": 0.6098119531109552,
    "mean_iou": 0.6256912648750566,
    "mean_dice": 0.7229886182916005,
    "loss": 0.6188363333111224
}