{
    "iou_class_0": 0.5610453229883443,
    "dice_class_0": 0.7117600453288658,
    "iou_class_1": 0.7986792975224292,
    "dice_class_1": 0.8482780697350593,
    "iou_class_2": 0.5232477302620308,
    "dice_class_2": 0.617728944767851,
    "mean_iou": 0.6276574502576018,
    "mean_dice": 0.7259223532772588,
    "loss": 0.6182383134313252
}