{
    "iou_class_0": 0.5658391039332618,
    "dice_class_0": 0.7164183672355569,
    "iou_class_1": 0.7931685717958783,
    "dice_class_1": 0.8417013808477658,
    "iou_class_2": 0.5213947109368657,
    "dice_class_2": 0.6151674390100386,
    "mean_iou": 0.6268007955553355,
    "mean_dice": 0.7244290623644544,
    "loss": 0.6176440369823705
}