{
    "iou_class_0": 0.5558646573644618,
    "dice_class_0": 0.707312954703103,
    "iou_class_1": 0.7940313139913917,
    "dice_class_1": 0.8431880595676257,
    "iou_class_2": 0.5299256648645997,
    "dice_class_2": 0.6267986523647766,
    "mean_iou": 0.6266072120734841,
    "mean_dice": 0.7257665555451682,
    "loss": 0.623465229311715
}