{
    "iou_class_0": 0.563390416489995,
    "dice_class_0": 0.7142703548721645,
    "iou_class_1": 0.792433375213312,
    "dice_class_1": 0.8411361688383739,
    "iou_class_2": 0.519780306793309,
    "dice_class_2": 0.6133278514214694,
    "mean_iou": 0.6252013661655385,
    "mean_dice": 0.7229114583773365,
    "loss": 0.6222815343219301
}