{
    "iou_class_0": 0.572675621687718,
    "dice_class_0": 0.7224492788314819,
    "iou_class_1": 0.7587014654456684,
    "dice_class_1": 0.7971994367451171,
    "iou_class_2": 0.5324837605046231,
    "dice_class_2": 0.6287334799343842,
    "mean_iou": 0.6212869492126701,
    "mean_dice": 0.7161273985036611,
    "loss": 0.6199120862328488
}