{
    "iou_class_0": 0.552264953210302,
    "dice_class_0": 0.7044779089481934,
    "iou_class_1": 0.7871486868792216,
    "dice_class_1": 0.8352707107780438,
    "iou_class_2": 0.5442812182644045,
    "dice_class_2": 0.6444080855284479,
    "mean_iou": 0.6278982861179754,
    "mean_dice": 0.728052235084895,
    "loss": 0.6272023863766505
}