{
    "iou_class_0": 0.5643160612038944,
    "dice_class_0": 0.7151821857885174,
    "iou_class_1": 0.7775059980799631,
    "dice_class_1": 0.822690221724105,
    "iou_class_2": 0.5387768357343933,
    "dice_class_2": 0.6373264766715133,
    "mean_iou": 0.6268662983394168,
    "mean_dice": 0.725066294728045,
    "loss": 0.6203869991328406
}