{
    "iou_class_0": 0.5549145562817221,
    "dice_class_0": 0.7058103452234165,
    "iou_class_1": 0.7927987490504955,
    "dice_class_1": 0.8408501711486914,
    "iou_class_2": 0.5368702573082432,
    "dice_class_2": 0.6340057983639641,
    "mean_iou": 0.6281945208801539,
    "mean_dice": 0.7268887715786906,
    "loss": 0.619189123355824
}