{
    "iou_class_0": 0.5423892108885491,
    "dice_class_0": 0.6946210084402042,
    "iou_class_1": 0.8003628581964776,
    "dice_class_1": 0.8506289015645566,
    "iou_class_2": 0.5479903793639285,
    "dice_class_2": 0.6489001621663539,
    "mean_iou": 0.6302474828163185,
    "mean_dice": 0.731383357390371,
    "loss": 0.6229205601241278
}