{
    "iou_class_0": 0.5554688156298969,
    "dice_class_0": 0.7067561774150185,
    "iou_class_1": 0.8004601834908776,
    "dice_class_1": 0.8504720817117587,
    "iou_class_2": 0.5332629796641746,
    "dice_class_2": 0.6304585651857112,
    "mean_iou": 0.6297306595949836,
    "mean_dice": 0.7292289414374964,
    "loss": 0.6176589762387068
}