{
    "iou_class_0": 0.557682690769434,
    "dice_class_0": 0.7087554621307747,
    "iou_class_1": 0.7809754092354141,
    "dice_class_1": 0.8269232829273765,
    "iou_class_2": 0.5458360619249526,
    "dice_class_2": 0.6464548609515891,
    "mean_iou": 0.628164720643267,
    "mean_dice": 0.7273778686699129,
    "loss": 0.6219292583672896
}