{
    "iou_class_0": 0.542162192977317,
    "dice_class_0": 0.6942290801878856,
    "iou_class_1": 0.7979860628058294,
    "dice_class_1": 0.847810880339657,
    "iou_class_2": 0.5501471630550556,
    "dice_class_2": 0.6512970014986064,
    "mean_iou": 0.6300984729460675,
    "mean_dice": 0.7311123206753832,
    "loss": 0.6215146774183149
}