{
    "iou_class_0": 0.5678659033516179,
    "dice_class_0": 0.7184260920338009,
    "iou_class_1": 0.7888367952460208,
    "dice_class_1": 0.8368128738791386,
    "iou_class_2": 0.5250234250383168,
    "dice_class_2": 0.6194342067702066,
    "mean_iou": 0.6272420412119858,
    "mean_dice": 0.7248910575610483,
    "loss": 0.6178885907582615
}