{
    "iou_class_0": 0.5525773349987424,
    "dice_class_0": 0.7040755127111207,
    "iou_class_1": 0.7968099367074204,
    "dice_class_1": 0.8467507328633889,
    "iou_class_2": 0.5379297369354666,
    "dice_class_2": 0.6365553849723492,
    "mean_iou": 0.6291056695472096,
    "mean_dice": 0.7291272101822854,
    "loss": 0.6205356588830119
}