{
    "iou_class_0": 0.5754255828650101,
    "dice_class_0": 0.7253197323368943,
    "iou_class_1": 0.7708158499970066,
    "dice_class_1": 0.8136381218626271,
    "iou_class_2": 0.5199827761833673,
    "dice_class_2": 0.6138993140100203,
    "mean_iou": 0.622074736348462,
    "mean_dice": 0.7176190560698475,
    "loss": 0.6218860074229863
}