{
    "iou_class_0": 0.5543750119598015,
    "dice_class_0": 0.7054602387806643,
    "iou_class_1": 0.8011446320249502,
    "dice_class_1": 0.8512490832611439,
    "iou_class_2": 0.5148860770268852,
    "dice_class_2": 0.6072831381792511,
    "mean_iou": 0.623468573670546,
    "mean_dice": 0.7213308200736863,
    "loss": 0.6256720121140066
}