{
    "iou_class_0": 0.5538674018305281,
    "dice_class_0": 0.7052965319027071,
    "iou_class_1": 0.8027710539863303,
    "dice_class_1": 0.8536690267929099,
    "iou_class_2": 0.5186564527179734,
    "dice_class_2": 0.612148639508446,
    "mean_iou": 0.6250983028449443,
    "mean_dice": 0.7237047327346877,
    "loss": 0.6247637662550677
}