{
    "iou_class_0": 0.5371396069779344,
    "dice_class_0": 0.6892709177149379,
    "iou_class_1": 0.8050153233495582,
    "dice_class_1": 0.855825397020469,
    "iou_class_2": 0.5468626427942075,
    "dice_class_2": 0.6468152662259467,
    "mean_iou": 0.6296725243739,
    "mean_dice": 0.7306371936537848,
    "loss": 0.6238982637939245
}