{
    "iou_class_0": 0.5528874953155932,
    "dice_class_0": 0.7039053176408229,
    "iou_class_1": 0.8066069816765578,
    "dice_class_1": 0.8576886398150869,
    "iou_class_2": 0.5272824488470864,
    "dice_class_2": 0.6225837982858944,
    "mean_iou": 0.6289256419464127,
    "mean_dice": 0.7280592519139355,
    "loss": 0.617867046529832
}