{
    "iou_class_0": 0.539561891459617,
    "dice_class_0": 0.692065657249085,
    "iou_class_1": 0.7962416964421298,
    "dice_class_1": 0.8455069152233561,
    "iou_class_2": 0.5566306295758634,
    "dice_class_2": 0.659238020278453,
    "mean_iou": 0.6308114058258703,
    "mean_dice": 0.7322701975836308,
    "loss": 0.6223696156040482
}