{
    "iou_class_0": 0.553472439588412,
    "dice_class_0": 0.7052501465315404,
    "iou_class_1": 0.7918629045628747,
    "dice_class_1": 0.8404641488081255,
    "iou_class_2": 0.5436460549844587,
    "dice_class_2": 0.6424460475995284,
    "mean_iou": 0.6296604663785818,
    "mean_dice": 0.7293867809797308,
    "loss": 0.6200134587028753
}