{
    "iou_class_0": 0.5609984277869048,
    "dice_class_0": 0.7119927668701047,
    "iou_class_1": 0.7883804083705804,
    "dice_class_1": 0.8361582079209029,
    "iou_class_2": 0.5334139219476236,
    "dice_class_2": 0.6302751919066305,
    "mean_iou": 0.6275975860350361,
    "mean_dice": 0.726142055565879,
    "loss": 0.61932698086552
}