{
    "iou_class_0": 0.5654630549252033,
    "dice_class_0": 0.7161512439665587,
    "iou_class_1": 0.7843006554480079,
    "dice_class_1": 0.8307691130038314,
    "iou_class_2": 0.5262712891585166,
    "dice_class_2": 0.6212214902314946,
    "mean_iou": 0.6253449998439093,
    "mean_dice": 0.722713949067295,
    "loss": 0.6209780007600785
}