{
    "iou_class_0": 0.5695128267226012,
    "dice_class_0": 0.7199247880474381,
    "iou_class_1": 0.794389972939857,
    "dice_class_1": 0.8437071990157837,
    "iou_class_2": 0.5044225390543507,
    "dice_class_2": 0.5931623431553223,
    "mean_iou": 0.6227751129056032,
    "mean_dice": 0.7189314434061812,
    "loss": 0.6210848922314851
}