{
    "iou_class_0": 0.5607635478691563,
    "dice_class_0": 0.7112226837355158,
    "iou_class_1": 0.7803145071884854,
    "dice_class_1": 0.8258981672126733,
    "iou_class_2": 0.5421377232023471,
    "dice_class_2": 0.6408671796699075,
    "mean_iou": 0.6277385927533295,
    "mean_dice": 0.7259960102060316,
    "loss": 0.6180317729711533
}