{
    "iou_class_0": 0.5553500459246014,
    "dice_class_0": 0.707436825658964,
    "iou_class_1": 0.7804940329498752,
    "dice_class_1": 0.82727084981577,
    "iou_class_2": 0.5444942973608887,
    "dice_class_2": 0.6446727351145717,
    "mean_iou": 0.6267794587451219,
    "mean_dice": 0.7264601368631017,
    "loss": 0.6252169097247331
}