{
    "iou_class_0": 0.5496699904941994,
    "dice_class_0": 0.7000073945068794,
    "iou_class_1": 0.8085863584733528,
    "dice_class_1": 0.8597974776249865,
    "iou_class_2": 0.5201079486644655,
    "dice_class_2": 0.6125203008643584,
    "mean_iou": 0.6261214325440064,
    "mean_dice": 0.7241083909987408,
    "loss": 0.6211271839297337
}