{
    "iou_class_0": 0.5611488130753455,
    "dice_class_0": 0.7118399918727253,
    "iou_class_1": 0.7961800913272663,
    "dice_class_1": 0.8450438718110292,
    "iou_class_2": 0.5238190434392757,
    "dice_class_2": 0.6184047923106553,
    "mean_iou": 0.6270493159472957,
    "mean_dice": 0.7250962186648038,
    "loss": 0.6195287188110145
}