{
    "iou_class_0": 0.5621167510423971,
    "dice_class_0": 0.7124657740087613,
    "iou_class_1": 0.7936772373287447,
    "dice_class_1": 0.8419378700504317,
    "iou_class_2": 0.5252838796543198,
    "dice_class_2": 0.6190741553558564,
    "mean_iou": 0.6270259560084875,
    "mean_dice": 0.7244925998050165,
    "loss": 0.6175259575895641
}