{
    "iou_class_0": 0.5484028099023778,
    "dice_class_0": 0.7000549230886542,
    "iou_class_1": 0.7947825707337167,
    "dice_class_1": 0.8452471830602609,
    "iou_class_2": 0.5286723997214444,
    "dice_class_2": 0.6254692346966926,
    "mean_iou": 0.6239525934525127,
    "mean_dice": 0.7235904469485359,
    "loss": 0.630039040485154
}