{
    "iou_class_0": 0.5503153923736966,
    "dice_class_0": 0.7018248735886553,
    "iou_class_1": 0.8002349797555286,
    "dice_class_1": 0.8499937141719072,
    "iou_class_2": 0.5432171691576831,
    "dice_class_2": 0.6424389634849081,
    "mean_iou": 0.6312558470956366,
    "mean_dice": 0.7314191837484897,
    "loss": 0.6179268763765045
}