{
    "iou_class_0": 0.5651545768522698,
    "dice_class_0": 0.7156832646416581,
    "iou_class_1": 0.794094443750999,
    "dice_class_1": 0.8428961454573839,
    "iou_class_2": 0.5250189623083725,
    "dice_class_2": 0.6195424255949206,
    "mean_iou": 0.6280893276372139,
    "mean_dice": 0.726040611897987,
    "loss": 0.6165918570497761
}