{
    "iou_class_0": 0.5510980481038923,
    "dice_class_0": 0.7026414332830387,
    "iou_class_1": 0.8060653980640421,
    "dice_class_1": 0.8570274201839272,
    "iou_class_2": 0.5269507888256805,
    "dice_class_2": 0.6228521916066487,
    "mean_iou": 0.6280380783312048,
    "mean_dice": 0.7275070150245382,
    "loss": 0.6202811663565428
}