{
    "iou_class_0": 0.5732713676017264,
    "dice_class_0": 0.7236050850023394,
    "iou_class_1": 0.7741072370982612,
    "dice_class_1": 0.8184806017453726,
    "iou_class_2": 0.5250762875765786,
    "dice_class_2": 0.620013922476944,
    "mean_iou": 0.6241516307588557,
    "mean_dice": 0.7206998697415521,
    "loss": 0.6203062295913696
}