{
    "iou_class_0": 0.550418568532104,
    "dice_class_0": 0.7021504216220068,
    "iou_class_1": 0.8038925577603124,
    "dice_class_1": 0.8547612704336811,
    "iou_class_2": 0.5259699245256568,
    "dice_class_2": 0.621689240947852,
    "mean_iou": 0.6267603502726914,
    "mean_dice": 0.726200311001179,
    "loss": 0.6249372176502062
}