{
    "iou_class_0": 0.5464470303576926,
    "dice_class_0": 0.6986682218054067,
    "iou_class_1": 0.798201852712959,
    "dice_class_1": 0.8481475689327107,
    "iou_class_2": 0.5216751546199273,
    "dice_class_2": 0.616700682810615,
    "mean_iou": 0.6221080125635263,
    "mean_dice": 0.7211721578495772,
    "loss": 0.6536934897303581
}