{
    "train_loss": [
        0.7786939610605654,
        0.6888596809428671,
        0.6741771615069846,
        0.6663695235615191,
        0.6558997655692308,
        0.6541449559771496,
        0.6518275205207907,
        0.6503696892572486,
        0.6488981750996217,
        0.6487052806045698,
        0.645109908606695,
        0.6421079700407775,
        0.6451389514881631,
        0.640549401226251,
        0.6406233533569005,
        0.6415963949068733,
        0.6414442592340966,
        0.6403682869413625,
        0.6424643927294275,
        0.6378306116746819,
        0.6396808775870696,
        0.6367648610602255,
        0.637473739877991,
        0.6389183374850647,
        0.6363626249458478,
        0.6381718204073284,
        0.6339535463115443,
        0.6357126685588256,
        0.6351629442494848,
        0.635567671838014,
        0.6353958591170933,
        0.6360556145077166,
        0.6326264076906701,
        0.6326087165137996,
        0.6334991440824841,
        0.6334532258303269,
        0.6304909685383673,
        0.6313452990158744,
        0.6325027005827946,
        0.6297318966492362,
        0.6308407237996225,
        0.6287363005721051,
        0.6316599378119344,
        0.6286751020213832,
        0.6326596381871596,
        0.6308072770419328,
        0.6296041533998821,
        0.6287387583566748,
        0.629940750611865,
        0.6277452059414076
    ],
    "val_loss": [
        0.6536934897303581,
        0.6381213729148326,
        0.630039040485154,
        0.634464086851348,
        0.6272023863766505,
        0.6256720121140066,
        0.6252169097247331,
        0.6249372176502062,
        0.6247637662550677,
        0.6249519502987032,
        0.623465229311715,
        0.6222815343219301,
        0.6229205601241278,
        0.6238982637939245,
        0.6209780007600785,
        0.6223696156040482,
        0.6224627521374951,
        0.6210848922314851,
        0.6215146774183149,
        0.61932698086552,
        0.6238570443314054,
        0.6203869991328406,
        0.6218860074229863,
        0.6199665219239566,
        0.6202811663565428,
        0.6200134587028753,
        0.6203062295913696,
        0.6205356588830119,
        0.6191334594850955,
        0.6211271839297337,
        0.6195287188110145,
        0.6239849375641864,
        0.6188363333111224,
        0.619189123355824,
        0.619433654261672,
        0.6219292583672896,
        0.6176440369823705,
        0.6181012916824092,
        0.6180317729711533,
        0.6176589762387068,
        0.617867046529832,
        0.6182383134313252,
        0.6199120862328488,
        0.6175259575895641,
        0.6179268763765045,
        0.6178885907582615,
        0.6185012523894725,
        0.6165918570497761,
        0.6191938984005347,
        0.6193025706254918
    ],
    "train_mean_iou": [
        0.38778140319174237,
        0.4169232944682885,
        0.4194578247748503,
        0.419215233147655,
        0.42519912473862415,
        0.4275403022550166,
        0.4250083111206312,
        0.42934244994455456,
        0.43228098968891376,
        0.42674683474386677,
        0.4216271600644754,
        0.43213403815712437,
        0.41901303292457726,
        0.4288530453987348,
        0.42347549644886034,
        0.4223730813821175,
        0.4310963293569471,
        0.4211548872293567,
        0.4199785915063135,
        0.4318062359719109,
        0.42894194315963885,
        0.4298572315837085,
        0.42750378052734345,
        0.4293864758691549,
        0.42728314192062894,
        0.4255508678773912,
        0.4232719274279148,
        0.4283536027330811,
        0.4244664369129712,
        0.4253805086040671,
        0.4311765489900765,
        0.4320285676409277,
        0.42820189555127225,
        0.42516869468965607,
        0.427561010896978,
        0.4288182210809169,
        0.4270769983558099,
        0.4229006125333294,
        0.4299367526033358,
        0.42701758144919993,
        0.42774205046251695,
        0.4263748497736174,
        0.4319722681963727,
        0.43107037959630573,
        0.43053490483433443,
        0.4283940584280589,
        0.42637142142350093,
        0.42226114452221086,
        0.42921428618536517,
        0.4319826439165249
    ],
    "val_mean_iou": [
        0.6221080125635263,
        0.6217993326584796,
        0.6239525934525127,
        0.6265701566219084,
        0.6278982861179754,
        0.623468573670546,
        0.6267794587451219,
        0.6267603502726914,
        0.6250983028449443,
        0.6294368659902532,
        0.6266072120734841,
        0.6252013661655385,
        0.6302474828163185,
        0.6296725243739,
        0.6253449998439093,
        0.6308114058258703,
        0.6193550577193488,
        0.6227751129056032,
        0.6300984729460675,
        0.6275975860350361,
        0.629026963238937,
        0.6268662983394168,
        0.622074736348462,
        0.6222424168236134,
        0.6280380783312048,
        0.6296604663785818,
        0.6241516307588557,
        0.6291056695472096,
        0.6273395426350227,
        0.6261214325440064,
        0.6270493159472957,
        0.6290484899658979,
        0.6256912648750566,
        0.6281945208801539,
        0.6241436887818436,
        0.628164720643267,
        0.6268007955553355,
        0.6252186478764995,
        0.6277385927533295,
        0.6297306595949836,
        0.6289256419464127,
        0.6276574502576018,
        0.6212869492126701,
        0.6270259560084875,
        0.6312558470956366,
        0.6272420412119858,
        0.631250457132519,
        0.6280893276372139,
        0.6304254945142134,
        0.6267601459732305
    ]
}