{
    "train_loss": [
        0.7938599205535392,
        0.7467125354901604,
        0.7294859818142393,
        0.712044119057448,
        0.7001589414218198,
        0.6873538233015848,
        0.6732837588890739,
        0.6572361173837081,
        0.6414377684178559,
        0.6251709132738735,
        0.6152149812682816,
        0.6050692932113357,
        0.5937599839075752,
        0.5861729136627654,
        0.5812559684981471,
        0.5751070126891136,
        0.5675588401763335,
        0.5623886207523553,
        0.5471190889244494,
        0.54155196139346,
        0.5375997277705565,
        0.5290648979337319,
        0.5226353148403375,
        0.5144491373844768,
        0.5128800076634987,
        0.5023369012319523,
        0.49474338500396065,
        0.48643747224755907,
        0.48015623701655347,
        0.4755163023005361,
        0.4665807861348857,
        0.45424265867989994,
        0.45561559835205906,
        0.4428754367906114,
        0.43969666148009506,
        0.42964250804937404,
        0.42392220548961473,
        0.4185617693092512,
        0.4131278353540794,
        0.40136978321749234,
        0.4014356388669947,
        0.39491388600157656,
        0.3901557923011158,
        0.3810093810052975,
        0.3794047403594722,
        0.3721785432294659,
        0.3715674609269785,
        0.36802395170797475,
        0.3618198116512402,
        0.3539949127513429
    ],
    "val_loss": [
        0.749885969058327,
        0.6765944964859797,
        0.6647704474304034,
        0.6528115963158401,
        0.6270773296122966,
        0.6098967797082403,
        0.5841907011426013,
        0.5793775165858476,
        0.587089813273886,
        0.5468439919793088,
        0.5254741088203762,
        0.5063368526489839,
        0.5038958987464075,
        0.4910394679593003,
        0.5008072977156742,
        0.5043044371449429,
        0.5085524909522222,
        0.4593272224716518,
        0.436424955887639,
        0.4423246550819148,
        0.44204694913781206,
        0.42562360653410786,
        0.41415467294661895,
        0.40727685764431953,
        0.3920317273425019,
        0.40472362229357595,
        0.3933277701230153,
        0.37727898738306503,
        0.3684805916055389,
        0.37503929105789763,
        0.36803390438789907,
        0.34572457467084344,
        0.3598148748602556,
        0.34967413243392237,
        0.3298701120135577,
        0.33881810054830885,
        0.3393406398918318,
        0.3144003592107607,
        0.29837660776532215,
        0.3048595988880033,
        0.3998120824927869,
        0.2924506213677966,
        0.28293415962353996,
        0.2932294808328152,
        0.2861486762438131,
        0.3078259898916535,
        0.2819516771837421,
        0.279182142181241,
        0.2657668518955293,
        0.25432824811533744
    ],
    "train_mean_iou": [
        0.3611476667731862,
        0.3811499646901961,
        0.3924408087338467,
        0.3960589017101561,
        0.40639902807522765,
        0.405484566873654,
        0.40771083553143594,
        0.4094052097647711,
        0.4191551221254806,
        0.4280148602166708,
        0.438290331980543,
        0.44563615303211285,
        0.4535786890068865,
        0.46785626041791095,
        0.4726424746052765,
        0.4801602988209462,
        0.4891787236445327,
        0.49566964091892046,
        0.5114655445559829,
        0.5206054103347252,
        0.5243061395432752,
        0.5289250439602793,
        0.5353483409609162,
        0.5424046357600633,
        0.5477265676497913,
        0.5544609500200118,
        0.5611833093602038,
        0.5703438287545858,
        0.5779533070697876,
        0.5849790351677343,
        0.5878756459017735,
        0.5999708313375851,
        0.5993252054820835,
        0.6118666581979908,
        0.6121212792842039,
        0.6182936948480575,
        0.6239958870075151,
        0.6313625271377364,
        0.6342416211596396,
        0.644233507284474,
        0.6463753991658585,
        0.6534765941030171,
        0.658010278276781,
        0.6606805268747785,
        0.663135034513629,
        0.668384176524203,
        0.6712233646004019,
        0.6764283270002004,
        0.6805597073826181,
        0.6863912191408256
    ],
    "val_mean_iou": [
        0.5374335332321575,
        0.6143841608123884,
        0.6154248595730504,
        0.6261071830508882,
        0.6371653935784392,
        0.6447072809218014,
        0.5367026853252224,
        0.4350971298297901,
        0.5766379398198055,
        0.4508077317609618,
        0.6092033608815548,
        0.48406980826920215,
        0.46977988494116296,
        0.4915396171465788,
        0.4824233778462943,
        0.4816108024945263,
        0.48917511473398845,
        0.49843873186308846,
        0.5032325498945469,
        0.5082670684591373,
        0.5191299799524626,
        0.5195893295089788,
        0.5253637287322214,
        0.5300027826588696,
        0.5354590818129928,
        0.5362601809628914,
        0.5423885387657458,
        0.5420347353208606,
        0.5481589921159382,
        0.5552043766033125,
        0.551712180549344,
        0.5590348592729647,
        0.5583769146359747,
        0.5690289530438595,
        0.5738167629777796,
        0.5663590474665898,
        0.6041378806360759,
        0.5850707961759454,
        0.5896427163971419,
        0.5800424054540851,
        0.5353531708614568,
        0.5874354711306105,
        0.596453828634339,
        0.5958077296940882,
        0.6037375028407109,
        0.5799119868840646,
        0.5942132756394207,
        0.6065952099811903,
        0.6081408997452171,
        0.6053708459170251
    ]
}